Stat,s1,s2,s3,s4
Max,4.0,129.0,4.0,23.0
Min,1.0,1.0,1.0,3.0
Median,2.0,4.0,3.0,9.0
Mean,2.4,37.6,2.6,10.8
Standard Deviation,1.140175425099138,55.22499434133063,1.140175425099138,8.012490249604053
